ID,Company_Name,Location,Description,Email,Contact
67458920,Caribbean Tech Solutions,Blue Ridge Terrace,"Caribbean Tech Solutions provides innovative technology solutions for businesses across the Caribbean region, specializing in software development, IT consulting, and cybersecurity services.",info@caribbeantechsolutions.com,(876) 555-1234
80236714,Island Ventures Ltd.,Springfield Heights,"Island Ventures Ltd. is a leading provider of tourism and adventure experiences in the Caribbean, offering a wide range of activities such as snorkeling, scuba diving, and island tours.",info@islandventures.com,(242) 555-5678
94321578,BlueWave Communications,Lakeview Plaza,"BlueWave Communications is a telecommunications company that offers high-speed internet, cable TV, and mobile services to residents and businesses in the Caribbean.",info@bluewave.com,(592) 555-9012
57693201,Coconut Coast Resorts,Meadowbrook Park,"Coconut Coast Resorts operates luxury beachfront resorts in Saint Lucia, providing guests with unforgettable experiences and exceptional hospitality in paradise.",info@coconutcoastresorts.com,(758) 555-3456
12345678,Caribbean Solar Solutions,Oakwood Heights,"Caribbean Solar Solutions specializes in renewable energy solutions, offering solar panel installation and energy-efficient products to reduce carbon footprints in the Caribbean.",info@caribbeansolar.com,(868) 555-7890
83659247,Mango Bay Productions,Riverfront Gardens,"Mango Bay Productions is a media production company that produces films, documentaries, and commercials showcasing the beauty and culture of the Caribbean.",info@mangobayproductions.com,(246) 555-2345
21987435,Golden Sands Resort,Sunset Boulevard,"Golden Sands Resort is a premier beachfront hotel in the Turks and Caicos Islands, offering luxurious accommodations, gourmet dining, and breathtaking ocean views.",info@goldensandsresort.com,(649) 555-6789
75982314,Caribbean Cargo Shipping,Mountain View Terrace,"Caribbean Cargo Shipping provides reliable freight forwarding and logistics services, connecting businesses and individuals with shipping solutions across the Caribbean.",info@caribbeancargo.com,(876) 555-4321
48573291,Crystal Clear Watersports,Forest Hill Heights,"Crystal Clear Watersports offers a wide range of watersports activities, including jet skiing, paddleboarding, and parasailing, providing thrilling adventures in the Caribbean Sea.",info@crystalclearwatersports.com,(345) 555-8765
60784523,Tropical Trade Co.,Riverside Drive,"Tropical Trade Co. specializes in exporting Caribbean produce such as tropical fruits, spices, and coffee beans to international markets, promoting sustainable agriculture and economic development.",info@tropicaltradeco.com,(509) 555-2109
12890476,Paradise Retreat Villas,Highland Terrace,"Paradise Retreat Villas offers luxury villa rentals in Saint Kitts and Nevis, providing guests with private accommodations, personalized service, and stunning views of the Caribbean.",info@paradiseretreatvillas.com,(869) 555-7684
38579102,Caribbean Tech Innovations,Maplewood Heights,"Caribbean Tech Innovations develops cutting-edge software solutions for businesses, including mobile apps, e-commerce platforms, and custom software development tailored to Caribbean markets.",info@caribbeantechinnovations.com,(784) 555-9018
90618324,Crystal Caribbean Cruises,Oceanview Terrace,"Crystal Caribbean Cruises offers unforgettable cruise experiences in the Caribbean, with luxurious amenities, gourmet dining, and exciting shore excursions to explore the region's vibrant culture and natural beauty.",info@crystalcaribbeancruises.com,(501) 555-3452
54329871,Caribbean Marine Adventures,Lakeside Court,"Caribbean Marine Adventures offers unforgettable diving and snorkeling experiences in the crystal-clear waters of Guyana, showcasing the region's diverse marine life and vibrant coral reefs.",info@caribbeanmarineadventures.com,(592) 555-7891
30985672,Palm Grove Plantation,Greenfield Estates,"Palm Grove Plantation is a sustainable agro-forestry project in Barbados, producing organic fruits, nuts, and spices while promoting environmental conservation and community development.",info@palmgroveplantation.com,(246) 555-2348
12387654,Caribbean Health Solutions,Seaview Drive,"Caribbean Health Solutions is a healthcare company that provides medical equipment, supplies, and services to hospitals, clinics, and healthcare facilities across the Caribbean region.",info@caribbeanhealthsolutions.com,(868) 555-9071
78092134,Caribbean Adventure Tours,Harborview Heights,"Caribbean Adventure Tours offers thrilling outdoor adventures and eco-tours in Saint Lucia, including zip-lining through rainforests, hiking to waterfalls, and exploring volcanic landscapes.",info@caribbeanadventuretours.com,(758) 555-6432
68453790,Coconut Dreams Resort,Paradise Lane,"Coconut Dreams Resort is an all-inclusive beachfront resort in the Turks and Caicos Islands, offering luxurious accommodations, gourmet dining, and rejuvenating spa experiences in a tropical paradise.",info@coconutdreamsresort.com,(649) 555-3210
81092374,Island Tech Solutions,Forest Hill Terrace,"Island Tech Solutions provides comprehensive IT services and support to businesses in the Bahamas, including network infrastructure, cloud computing, and cybersecurity solutions tailored to Caribbean businesses.",info@islandtechsolutions.com,(242) 555-8765
65438912,Caribbean Adventure Sports,Mountain Vista,"Caribbean Adventure Sports offers thrilling water sports activities and boat charters in the Cayman Islands, including jet skiing, parasailing, and snorkeling adventures to explore the region's vibrant marine life and underwater landscapes.",info@caribbeanadventuresports.com,(345) 555-2109
98765432,Tropical Treasures Exports,Sunrise Avenue,"Tropical Treasures Exports is a leading exporter of Caribbean goods such as spices, coffee, and handicrafts to international markets, promoting economic growth and cultural exchange in Haiti and beyond.",info@tropicaltreasuresexports.com,(509) 555-7684
56789012,Island Paradise Properties,Oceanfront Drive,"Island Paradise Properties specializes in luxury real estate sales and vacation rentals in Saint Kitts and Nevis, offering exquisite properties with ocean views, private beaches, and world-class amenities.",info@islandparadiseproperties.com,(869) 555-4321
45678901,Sunrise Health Services,Seaside Terrace,"Sunrise Health Services provides healthcare staffing and medical equipment solutions to hospitals, clinics, and healthcare facilities across the Caribbean, ensuring quality care and patient safety.",info@sunrisehealthservices.com,(868) 555-9876
74563219,Blue Horizon Telecoms,Valley View,"Blue Horizon Telecoms is a telecommunications company providing internet, phone, and mobile services to residents and businesses in Barbados, delivering reliable connectivity and digital solutions for the Caribbean.",info@bluehorizontelecoms.com,(246) 555-3456
85961234,Paradise Island Excursions,Sunset Ridge,"Paradise Island Excursions offers unforgettable day trips and island-hopping tours in the Bahamas, including visits to secluded beaches, snorkeling with marine life, and exploring historic landmarks.",info@paradiseislandexcursions.com,(242) 555-9012
23548769,Caribbean Solar Solutions,Seaview Crescent,"Caribbean Solar Solutions specializes in renewable energy solutions, offering solar panel installation and energy-efficient products to homes and businesses in Jamaica, reducing electricity costs and environmental impact.",info@caribbeansolar.com,(876) 555-6789
62917384,Coconut Cove Resorts,Island View,"Coconut Cove Resorts offers luxury accommodations and personalized service in the Turks and Caicos Islands, providing guests with an unforgettable island retreat surrounded by natural beauty and tranquility.",info@coconutcoveresorts.com,(649) 555-9018
84756123,Island Tech Innovations,Bayshore Gardens,"Island Tech Innovations provides IT consulting, software development, and cybersecurity services to businesses in Guyana, empowering organizations with innovative technology solutions and digital transformation strategies.",info@islandtechinnovations.com,(592) 555-7890